<frm type="winGrid">
	<dataPath>\getdata\accounts\accountgroup.read.xml</dataPath>
	<title>Account Group List</title>

	<cols>
		<col>
			<datafield>GroupName</datafield>
			<title>Account Group Name</title>
			<width>200</width>
		</col>
		<col>
			<datafield>NatureOfGroups</datafield>
			<title>Nature Of Groups</title>
			<width>200</width>
		</col>
		<col>
			<datafield>GroupNamePath</datafield>
			<title>Group Hierarchy Path</title>
			<width>400</width>
		</col>
	</cols>
</frm>
