<frm type="winGrid">
	<dataPath>\getdata\accounts\accountledger.read.xml</dataPath>
	<title>Account Ledger List</title>
	<cols>
		<col>
			<datafield>LedgerName</datafield>
			<title>Ledger Name</title>
			<width>200</width>
		</col>
		<col>
			<datafield>GroupName</datafield>
			<title>Account Group Name</title>
			<width>200</width>
		</col>
		<col>
			<datafield>NatureOfGroups</datafield>
			<title>Nature Of Groups</title>
			<width>200</width>
		</col>
		<col>
			<datafield>GroupNamePath</datafield>
			<title>Group Hierarchy Path</title>
			<width>400</width>
		</col>
	</cols>
</frm>
