<frm type="winGrid">
	<dataPath>\getdata\system\employee.read.xml</dataPath>
	<title>Employee List</title>
	<cols>
		<col>
			<datafield>EmployeeName</datafield>
			<title>EmployeeName</title>
			<width>200</width>
		</col>
		<col>
			<datafield>Designation</datafield>
			<title>Designation</title>
			<width>100</width>
		</col>
		<col>
			<datafield>Qualification</datafield>
			<title>Qualification</title>
			<width>100</width>
		</col>
		<col>
			<datafield>PresentAddress</datafield>
			<title>Present Address</title>
			<width>300</width>
		</col>
		<col>
			<datafield>Mobile1</datafield>
			<title>Mobile</title>
			<width>80</width>
		</col>
		<col>
			<datafield>Email</datafield>
			<title>Email</title>
			<width>200</width>
		</col>
	</cols>
</frm>
