<frm type="winGrid">
	<dataPath>\getdata\system\company.read.xml</dataPath>
	<title>Compamy List</title>
	
	<cols>
		<col>
			<datafield>CompanyName</datafield>
			<title>Company Name</title>
			<width>100</width>
		</col>
		<col>
			<datafield>Address</datafield>
			<title>Address</title>
			<width>200</width>
		</col>
		<col>
			<datafield>City</datafield>
			<title>City</title>
			<width>100</width>
		</col>
		<col>
			<datafield>Pincode</datafield>
			<title>Pincode</title>
			<width>100</width>
		</col>
		<col>
			<datafield>Website</datafield>
			<title>Website</title>
			<width>200</width>
		</col>
	</cols>
</frm>
